model,runtime
abe_bi_M1,206.85397124290463
abe_bi_M2,208.458181142807
ext_bi_M1,1415.2200841903689
ext_bi_M2,1485.880323886871
ext_tri_M1,1436.4022209644318
ext_tri_M2,3076.7039270401