model,runtime
abe_bi_M1,499.3897488117218
abe_bi_M2,496.35988211631775
ext_bi_M1,492.598818063736
ext_bi_M2,504.6555438041687
ext_tri_M1,494.42629504203796
ext_tri_M2,562.3177030086517
