model,runtime
abe_bi_M1,206.85397124290463
abe_bi_M2,208.458181142807
full_bi_M1,408.65037083625793
full_bi_M2,421.4009928703308
full_tri_M1,579.8300919532776
full_tri_M2,594.1097960472107
